{
  "Seed": {
    "EmployeeId": "EF5B9B09-78A5-4193-82D6-3C798CB0DF02",
    "Location": {
      "Latitude": 53.3802608,
      "Longitude": -1.4675081
    }
  }
}
